{"cameraMode":{"drawMode":0,"name":"Shaded","section":"Shading Mode"},"sceneLighting":false,"audioPlay":false,"sceneViewState":{"m_AlwaysRefresh":false,"showFog":true,"showSkybox":false,"showFlares":true,"showImageEffects":true,"showParticleSystems":true,"showVisualEffectGraphs":true,"m_FxEnabled":true},"in2DMode":false,"pivot":{"x":-76.92316436767578,"y":32.82871627807617,"z":-8.433075904846192},"rotation":{"x":0.013452688232064247,"y":0.08329383283853531,"z":-0.0011245745699852706,"w":0.996434211730957},"size":14.646551132202149,"orthographic":true}