{"cameraMode":{"drawMode":0,"name":"Shaded","section":"Shading Mode"},"sceneLighting":true,"audioPlay":false,"sceneViewState":{"m_AlwaysRefresh":false,"showFog":true,"showSkybox":true,"showFlares":true,"showImageEffects":true,"showParticleSystems":true,"showVisualEffectGraphs":true,"m_FxEnabled":true},"in2DMode":false,"pivot":{"x":6.090777397155762,"y":14.836658477783204,"z":-32.972869873046878},"rotation":{"x":0.20094159245491029,"y":0.04112973064184189,"z":-0.008444521576166153,"w":0.9787033796310425},"size":65.41677856445313,"orthographic":false}