{"cameraMode":{"drawMode":0,"name":"Shaded","section":"Shading Mode"},"sceneLighting":false,"audioPlay":false,"sceneViewState":{"m_AlwaysRefresh":false,"showFog":true,"showSkybox":false,"showFlares":true,"showImageEffects":true,"showParticleSystems":true,"showVisualEffectGraphs":true,"m_FxEnabled":true},"in2DMode":false,"pivot":{"x":-126.33222961425781,"y":35.56291580200195,"z":-142.7288360595703},"rotation":{"x":0.013452688232064247,"y":0.08329383283853531,"z":-0.0011245745699852706,"w":0.996434211730957},"size":14.646552085876465,"orthographic":true}